{
  "NoClass" : {
    "Taunt" : 1.8764501160092808,
    "Spell Power" : 1.978538283062645,
    "Divine Shield" : 1.968677494199536,
    "Charge" : 1.982598607888631,
    "Secret" : 1.9814385150812064,
    "Stealth" : 1.968677494199536,
    "Battlecry" : 1.5539443155452437,
    "Freeze" : 1.990139211136891,
    "Windfury" : 1.988399071925754,
    "Deathratle" : 1.8544083526682136,
    "Combo" : 1.988399071925754,
    "Overload" : 1.9878190255220418,
    "Silence" : 1.9947795823665895,
    "Immune" : 1.995939675174014,
    "Inspire" : 1.9878190255220418,
    "Discover" : 1.9698375870069604,
    "Quest" : 1.998259860788863,
    "Poisonous" : 1.9872389791183296,
    "Adapt" : 1.9930394431554523,
    "Lifesteal" : 1.9808584686774942,
    "Recruit" : 1.995939675174014,
    "Echo" : 1.9947795823665895,
    "Rush" : 1.955336426914153,
    "Overkill" : 1.9947795823665895,
    "Magnetic" : 1.9930394431554523,
    "Lackey" : 1.9930394431554523,
    "Mega Windfury" : 1.9994199535962878,
    "Reborn" : 1.9895591647331785,
    "Invoke" : 1.9947795823665895,
    "Outcast" : 1.9988399071925755
  },
  "Druid" : {
    "Taunt" : 1.7272727272727273,
    "Spell Power" : 1.9886363636363638,
    "Charge" : 1.9772727272727273,
    "Stealth" : 1.9659090909090908,
    "Battlecry" : 1.6704545454545454,
    "Deathratle" : 1.8636363636363638,
    "Silence" : 1.9886363636363638,
    "Inspire" : 1.9886363636363638,
    "Discover" : 1.9772727272727273,
    "Poisonous" : 1.9886363636363638,
    "Adapt" : 1.9772727272727273,
    "Recruit" : 1.9886363636363638,
    "Rush" : 1.9431818181818183,
    "Overkill" : 1.9886363636363638,
    "Reborn" : 1.9886363636363638
  },
  "Hunter" : {
    "Taunt" : 1.9775280898876404,
    "Charge" : 1.9775280898876404,
    "Secret" : 1.9550561797752808,
    "Stealth" : 1.9775280898876404,
    "Battlecry" : 1.5617977528089888,
    "Deathratle" : 1.7078651685393258,
    "Immune" : 1.9887640449438202,
    "Inspire" : 1.9887640449438202,
    "Discover" : 1.9662921348314608,
    "Poisonous" : 1.9438202247191012,
    "Adapt" : 1.9887640449438202,
    "Recruit" : 1.9887640449438202,
    "Echo" : 1.9887640449438202,
    "Rush" : 1.9101123595505618,
    "Magnetic" : 1.9775280898876404
  },
  "Mage" : {
    "Spell Power" : 1.898876404494382,
    "Secret" : 1.8876404494382022,
    "Stealth" : 1.9887640449438202,
    "Battlecry" : 1.50561797752809,
    "Freeze" : 1.9325842696629214,
    "Deathratle" : 1.9213483146067416,
    "Inspire" : 1.9887640449438202,
    "Discover" : 1.9101123595505618
  },
  "Paladin" : {
    "Taunt" : 1.8795180722891567,
    "Divine Shield" : 1.7590361445783134,
    "Charge" : 1.9879518072289155,
    "Secret" : 1.9397590361445785,
    "Stealth" : 1.9879518072289155,
    "Battlecry" : 1.4939759036144578,
    "Deathratle" : 1.8313253012048194,
    "Inspire" : 1.9879518072289155,
    "Discover" : 1.9518072289156625,
    "Adapt" : 1.9879518072289155,
    "Lifesteal" : 1.9156626506024097,
    "Rush" : 1.9759036144578315,
    "Magnetic" : 1.9759036144578315,
    "Reborn" : 1.963855421686747
  },
  "Priest" : {
    "Taunt" : 1.9148936170212765,
    "Stealth" : 1.9893617021276597,
    "Battlecry" : 1.5,
    "Deathratle" : 1.7872340425531914,
    "Silence" : 1.9893617021276597,
    "Inspire" : 1.978723404255319,
    "Discover" : 1.9574468085106385,
    "Lifesteal" : 1.9574468085106385,
    "Echo" : 1.9893617021276597,
    "Lackey" : 1.9893617021276597,
    "Reborn" : 1.978723404255319,
    "Invoke" : 1.978723404255319
  },
  "Rogue" : {
    "Secret" : 1.9791666666666665,
    "Stealth" : 1.8229166666666665,
    "Battlecry" : 1.5729166666666667,
    "Deathratle" : 1.7604166666666665,
    "Combo" : 1.7916666666666665,
    "Immune" : 1.9895833333333335,
    "Discover" : 1.9583333333333335,
    "Poisonous" : 1.9479166666666665,
    "Echo" : 1.9791666666666665,
    "Rush" : 1.9479166666666665,
    "Lackey" : 1.9791666666666665,
    "Reborn" : 1.9895833333333335,
    "Invoke" : 1.9895833333333335
  },
  "Shaman" : {
    "Taunt" : 1.8588235294117648,
    "Spell Power" : 1.9764705882352942,
    "Divine Shield" : 1.988235294117647,
    "Charge" : 1.988235294117647,
    "Stealth" : 1.988235294117647,
    "Battlecry" : 1.4823529411764707,
    "Freeze" : 1.9647058823529413,
    "Windfury" : 1.9294117647058824,
    "Deathratle" : 1.9764705882352942,
    "Overload" : 1.7529411764705882,
    "Inspire" : 1.988235294117647,
    "Discover" : 1.988235294117647,
    "Lifesteal" : 1.9764705882352942,
    "Echo" : 1.988235294117647,
    "Rush" : 1.9529411764705882,
    "Lackey" : 1.9647058823529413,
    "Invoke" : 1.988235294117647
  },
  "Warlock" : {
    "Taunt" : 1.8529411764705883,
    "Charge" : 1.9901960784313726,
    "Stealth" : 1.9705882352941178,
    "Battlecry" : 1.5294117647058822,
    "Deathratle" : 1.843137254901961,
    "Immune" : 1.9901960784313726,
    "Inspire" : 1.9901960784313726,
    "Discover" : 1.9803921568627452,
    "Adapt" : 1.9901960784313726,
    "Lifesteal" : 1.9509803921568627,
    "Recruit" : 1.9901960784313726,
    "Echo" : 1.9901960784313726,
    "Rush" : 1.9705882352941178,
    "Lackey" : 1.9705882352941178,
    "Invoke" : 1.9803921568627452
  },
  "Warrior" : {
    "Taunt" : 1.8068181818181819,
    "Charge" : 1.9545454545454546,
    "Stealth" : 1.9886363636363638,
    "Battlecry" : 1.5454545454545454,
    "Deathratle" : 1.9545454545454546,
    "Immune" : 1.9886363636363638,
    "Inspire" : 1.9886363636363638,
    "Discover" : 1.9886363636363638,
    "Adapt" : 1.9886363636363638,
    "Rush" : 1.8522727272727273,
    "Overkill" : 1.9886363636363638,
    "Magnetic" : 1.9886363636363638,
    "Lackey" : 1.9886363636363638,
    "Reborn" : 1.9886363636363638,
    "Invoke" : 1.9886363636363638
  },
  "Neutral" : {
    "Taunt" : 1.8635851183765502,
    "Spell Power" : 1.971815107102593,
    "Divine Shield" : 1.9627959413754228,
    "Charge" : 1.979706877113867,
    "Secret" : 1.9875986471251408,
    "Stealth" : 1.9729425028184893,
    "Battlecry" : 1.5625704622322436,
    "Freeze" : 1.99098083427283,
    "Windfury" : 1.984216459977452,
    "Deathratle" : 1.8602029312288613,
    "Silence" : 1.992108229988726,
    "Immune" : 1.9977452085682075,
    "Inspire" : 1.9864712514092446,
    "Discover" : 1.975197294250282,
    "Quest" : 1.9966178128523113,
    "Poisonous" : 1.9875986471251408,
    "Adapt" : 1.9932356257046222,
    "Lifesteal" : 1.984216459977452,
    "Recruit" : 1.995490417136415,
    "Echo" : 1.9966178128523113,
    "Rush" : 1.9627959413754228,
    "Overkill" : 1.992108229988726,
    "Magnetic" : 1.992108229988726,
    "Lackey" : 1.9977452085682075,
    "Mega Windfury" : 1.9988726042841036,
    "Reborn" : 1.9887260428410372,
    "Invoke" : 1.9977452085682075
  },
  "Demon Hunter" : {
    "Taunt" : 1.8260869565217392,
    "Charge" : 1.9565217391304348,
    "Battlecry" : 1.6956521739130435,
    "Deathratle" : 1.8695652173913042,
    "Immune" : 1.9565217391304348,
    "Discover" : 1.9565217391304348,
    "Lifesteal" : 1.9565217391304348,
    "Rush" : 1.8260869565217392,
    "Outcast" : 1.9130434782608696
  }
}