{
  "NoClass" : {
    "Taunt" : 1.356330535401748,
    "Spell Power" : 1.3074054633211896,
    "Divine Shield" : 1.3342597718317608,
    "Charge" : 1.0897528737785604,
    "Secret" : 1.129067604239183,
    "Stealth" : 1.244995194602121,
    "Battlecry" : 1.5224020492769474,
    "Freeze" : 1.2337477190731265,
    "Windfury" : 1.329566528435092,
    "Deathratle" : 1.3218024797756225,
    "Combo" : 1.0650096967264326,
    "Overload" : 0.9536956286946284,
    "Silence" : 1.0767056614927284,
    "Immune" : 1.2120847479506587,
    "Inspire" : 1.1787804562847268,
    "Discover" : 1.068524776802388,
    "Quest" : 1.1104212713673511,
    "Poisonous" : 1.2372909348085463,
    "Adapt" : 1.0444589034509832,
    "Lifesteal" : 1.3244267102080425,
    "Recruit" : 1.0570709776567975,
    "Echo" : 1.0574611465821113,
    "Rush" : 1.1189537774658993,
    "Overkill" : 1.1629005876712941,
    "Magnetic" : 1.124947459494737,
    "Lackey" : 1.0581507339553067,
    "Mega Windfury" : 1.3150815719899847,
    "Reborn" : 1.163429140764435,
    "Invoke" : 1.159839846810711,
    "Outcast" : 0.8938040518690703
  },
  "Druid" : {
    "Taunt" : 1.5364149717208708,
    "Spell Power" : 1.2944805680537277,
    "Charge" : 1.0954574990637078,
    "Stealth" : 1.2483371645232075,
    "Battlecry" : 1.3997405123233897,
    "Deathratle" : 1.3111550489834138,
    "Silence" : 1.0832857490741112,
    "Inspire" : 1.177828588763372,
    "Discover" : 1.060812758296597,
    "Poisonous" : 1.235583749045117,
    "Adapt" : 1.060812758296597,
    "Recruit" : 1.0647598768955702,
    "Rush" : 1.1319727490324982,
    "Overkill" : 1.1700074396077,
    "Reborn" : 1.1644916608543725
  },
  "Hunter" : {
    "Taunt" : 1.2343109042476659,
    "Charge" : 1.0951839765920317,
    "Secret" : 1.1583122208471544,
    "Stealth" : 1.2343109042476659,
    "Battlecry" : 1.5141339797186846,
    "Deathratle" : 1.4908864152485561,
    "Immune" : 1.2207470481570322,
    "Inspire" : 1.1776798918073355,
    "Discover" : 1.07220225857294,
    "Poisonous" : 1.2903356611666716,
    "Adapt" : 1.0488935138213544,
    "Recruit" : 1.0646254544897,
    "Echo" : 1.063789308036855,
    "Rush" : 1.167393909114583,
    "Magnetic" : 1.1422762985772041
  },
  "Mage" : {
    "Spell Power" : 1.4093675569871666,
    "Secret" : 1.2330420415469707,
    "Stealth" : 1.2207470481570322,
    "Battlecry" : 1.5732798383014455,
    "Freeze" : 1.304062636285466,
    "Deathratle" : 1.244566050990099,
    "Inspire" : 1.1776798918073355,
    "Discover" : 1.1304741204519042
  },
  "Paladin" : {
    "Taunt" : 1.3526269501466874,
    "Divine Shield" : 1.6054804789712918,
    "Charge" : 1.0840189870252916,
    "Secret" : 1.17526898739149,
    "Stealth" : 1.2217275678744273,
    "Battlecry" : 1.5855365704414879,
    "Deathratle" : 1.3484360841111351,
    "Inspire" : 1.178625819431277,
    "Discover" : 1.087226569948962,
    "Adapt" : 1.0497359985714116,
    "Lifesteal" : 1.409152020872653,
    "Rush" : 1.096923974966069,
    "Magnetic" : 1.1440911159455247,
    "Reborn" : 1.1930246228977786
  },
  "Priest" : {
    "Taunt" : 1.309922187135879,
    "Stealth" : 1.2200255664500836,
    "Battlecry" : 1.5791944241597218,
    "Deathratle" : 1.3993093033405968,
    "Silence" : 1.0825088288620093,
    "Inspire" : 1.1893731673288266,
    "Discover" : 1.0813769772517556,
    "Lifesteal" : 1.354851363803565,
    "Echo" : 1.0631605909517268,
    "Lackey" : 1.0620154378321411,
    "Reborn" : 1.1759055164831145,
    "Invoke" : 1.1783657291289236
  },
  "Rogue" : {
    "Secret" : 1.1315859308052059,
    "Stealth" : 1.4209552156614897,
    "Battlecry" : 1.5024280285408462,
    "Deathratle" : 1.4302516325994075,
    "Combo" : 1.2721288416842202,
    "Immune" : 1.219758016983757,
    "Discover" : 1.0804574390057933,
    "Poisonous" : 1.2853310348212779,
    "Echo" : 1.0738854565622047,
    "Rush" : 1.1269011865368328,
    "Lackey" : 1.072728751459395,
    "Reborn" : 1.1634013128573177,
    "Invoke" : 1.1658353643877524
  },
  "Shaman" : {
    "Taunt" : 1.3776090544757722,
    "Spell Power" : 1.3100519800422126,
    "Divine Shield" : 1.3089571283720252,
    "Charge" : 1.0837153402502147,
    "Stealth" : 1.2213853472671796,
    "Battlecry" : 1.5977731820910126,
    "Freeze" : 1.264819636828207,
    "Windfury" : 1.4070946792162098,
    "Deathratle" : 1.1809650652961197,
    "Overload" : 1.1750018808034464,
    "Inspire" : 1.178295672142921,
    "Discover" : 1.0494419548743328,
    "Lifesteal" : 1.3301289859766572,
    "Echo" : 1.0643455377404036,
    "Rush" : 1.121519363747315,
    "Lackey" : 1.0879246689470552,
    "Invoke" : 1.167390754200762
  },
  "Warlock" : {
    "Taunt" : 1.3847101320761628,
    "Charge" : 1.0816151167225978,
    "Stealth" : 1.2426885800683511,
    "Battlecry" : 1.5482298276075706,
    "Deathratle" : 1.3348072577101735,
    "Immune" : 1.2190183214003827,
    "Inspire" : 1.176012153398458,
    "Discover" : 1.057577163826847,
    "Adapt" : 1.0474081526362042,
    "Lifesteal" : 1.3632548036350798,
    "Recruit" : 1.0631178149571983,
    "Echo" : 1.0622828525897439,
    "Rush" : 1.1026173519987648,
    "Lackey" : 1.0817432787825831,
    "Invoke" : 1.1764402949310004
  },
  "Warrior" : {
    "Taunt" : 1.4403890359883162,
    "Charge" : 1.1198009990429014,
    "Stealth" : 1.220901182885335,
    "Battlecry" : 1.5313400476700332,
    "Deathratle" : 1.206262645064741,
    "Immune" : 1.220901182885335,
    "Inspire" : 1.177828588763372,
    "Discover" : 1.0490259498710794,
    "Adapt" : 1.0490259498710794,
    "Rush" : 1.2293467489492722,
    "Overkill" : 1.1700074396077,
    "Magnetic" : 1.129866453675079,
    "Lackey" : 1.0627776498688628,
    "Reborn" : 1.1644916608543725,
    "Invoke" : 1.1669279935952386
  },
  "Neutral" : {
    "Taunt" : 1.3718609443099545,
    "Spell Power" : 1.316010697208365,
    "Divine Shield" : 1.3418689525535825,
    "Charge" : 1.0928502470929937,
    "Secret" : 1.1222391450527482,
    "Stealth" : 1.239846547883302,
    "Battlecry" : 1.513320474110218,
    "Freeze" : 1.232719507426794,
    "Windfury" : 1.3350638156494101,
    "Deathratle" : 1.3151165997514813,
    "Silence" : 1.0795669844211453,
    "Immune" : 1.2099051383844737,
    "Inspire" : 1.1803500666841629,
    "Discover" : 1.0629654786629261,
    "Quest" : 1.1122414689275568,
    "Poisonous" : 1.2368515281220793,
    "Adapt" : 1.0442554152321153,
    "Lifesteal" : 1.3200628282214657,
    "Recruit" : 1.0575439548487877,
    "Echo" : 1.0555273843116533,
    "Rush" : 1.11096378710006,
    "Overkill" : 1.165990971825456,
    "Magnetic" : 1.1259877841420496,
    "Lackey" : 1.0532057447087249,
    "Mega Windfury" : 1.3158009637033032,
    "Reborn" : 1.1643884035468723,
    "Invoke" : 1.1564180585351798
  },
  "Demon Hunter" : {
    "Taunt" : 1.4171280950344676,
    "Charge" : 1.1176841729577542,
    "Battlecry" : 1.373212542747584,
    "Deathratle" : 1.304314240032196,
    "Immune" : 1.2596694178084158,
    "Discover" : 1.0823364954214554,
    "Lifesteal" : 1.356053538926727,
    "Rush" : 1.2573946945774734,
    "Outcast" : 0.9704003888245484
  }
}