{
  "Taunt" : 5.783211451675301,
  "Spell Power" : 6.636472157660182,
  "Divine Shield" : 2.5530740935365213,
  "Charge" : 2.8916057258376506,
  "Secret" : 3.515189115617706,
  "Stealth" : 4.3374085887564755,
  "Battlecry" : 1.3794009458749343,
  "Freeze" : 4.3374085887564755,
  "Windfury" : 2.5530740935365213,
  "Deathratle" : 2.0691014188124015,
  "Combo" : 1.3794009458749343,
  "Overload" : 1.757594557808853,
  "Silence" : 2.8916057258376506,
  "Counter" : 3.515189115617706,
  "Immune" : 5.783211451675301,
  "Inspire" : 2.0691014188124015,
  "Discover" : 4.600716950761166,
  "Quest" : 4.686918820823608,
  "Poisonous" : 4.3374085887564755,
  "Adapt" : 2.343459410411804,
  "Lifesteal" : 4.977354118245136,
  "Recruit" : 1.3794009458749343,
  "Echo" : 2.739230780063782,
  "Rush" : 2.8916057258376506,
  "Overkill" : 4.033823575299007,
  "Magnetic" : 1.2765370467682606,
  "Lackey" : 2.708061972563718,
  "Twinspell" : 4.108846170095673,
  "Mega Windfury" : 2.5530740935365213,
  "Reborn" : 4.108846170095673,
  "Invoke" : 2.7588018917498687,
  "Outcast" : 1.3446078584330021,
  "Enhanced" : 1.7020493956910143,
  "Enhanced Count" : 567.0,
  "Spell Trigger" : 1.3794009458749343,
  "Spell Trigger Count" : 1181.0,
  "Control" : 1.6988964792433001,
  "Control Count" : 573.0,
  "DblEdge" : 1.9784550709406201,
  "DblEdge Count" : 41.0,
  "Bonus" : 1.9495533368365738,
  "Bonus Count" : 96.0,
  "Draw" : 1.9632159747766684,
  "Draw Count" : 70.0,
  "Repeat" : 1.9858118759852865,
  "Repeat Count" : 27.0,
  "Minions Count" : 1903.0
}