{
  "NoClass" : {
    "Taunt" : 1.1245401996847084,
    "Spell Power" : 1.0225959012086179,
    "Divine Shield" : 1.0331056227009985,
    "Charge" : 1.0157645822385706,
    "Secret" : 1.019442984760904,
    "Stealth" : 1.0304781923279034,
    "Battlecry" : 1.44088281660536,
    "Freeze" : 1.0089332632685233,
    "Windfury" : 1.0126116657908566,
    "Deathratle" : 1.1434576983709932,
    "Combo" : 1.0126116657908566,
    "Overload" : 1.0120861797162375,
    "Silence" : 1.0063058328954282,
    "Immune" : 1.0042038885969522,
    "Inspire" : 1.0110352075669995,
    "Discover" : 1.0304781923279034,
    "Quest" : 1.001576458223857,
    "Poisonous" : 1.0131371518654755,
    "Adapt" : 1.0063058328954282,
    "Lifesteal" : 1.0199684708355228,
    "Recruit" : 1.003678402522333,
    "Echo" : 1.0047293746715713,
    "Rush" : 1.0530740935365213,
    "Overkill" : 1.0047293746715713,
    "Magnetic" : 1.0063058328954282,
    "Lackey" : 1.0063058328954282,
    "Mega Windfury" : 1.000525486074619,
    "Reborn" : 1.0094587493431424,
    "Invoke" : 1.0047293746715713,
    "Outcast" : 1.0031529164477142
  },
  "Druid" : {
    "Taunt" : 1.2886597938144329,
    "Spell Power" : 1.0103092783505154,
    "Charge" : 1.0206185567010309,
    "Stealth" : 1.041237113402062,
    "Battlecry" : 1.3195876288659794,
    "Deathratle" : 1.134020618556701,
    "Silence" : 1.0103092783505154,
    "Inspire" : 1.0103092783505154,
    "Discover" : 1.0206185567010309,
    "Poisonous" : 1.0103092783505154,
    "Adapt" : 1.0206185567010309,
    "Recruit" : 1.0103092783505154,
    "Rush" : 1.0721649484536082,
    "Overkill" : 1.0103092783505154,
    "Reborn" : 1.0103092783505154
  },
  "Hunter" : {
    "Taunt" : 1.0297029702970297,
    "Charge" : 1.0198019801980198,
    "Secret" : 1.0495049504950495,
    "Stealth" : 1.0198019801980198,
    "Battlecry" : 1.4158415841584158,
    "Deathratle" : 1.2871287128712872,
    "Immune" : 1.00990099009901,
    "Inspire" : 1.00990099009901,
    "Discover" : 1.0396039603960396,
    "Poisonous" : 1.0693069306930694,
    "Adapt" : 1.00990099009901,
    "Recruit" : 1.00990099009901,
    "Echo" : 1.00990099009901,
    "Rush" : 1.0891089108910892,
    "Magnetic" : 1.0198019801980198
  },
  "Mage" : {
    "Spell Power" : 1.1134020618556701,
    "Secret" : 1.134020618556701,
    "Stealth" : 1.0103092783505154,
    "Battlecry" : 1.4845360824742269,
    "Freeze" : 1.0618556701030928,
    "Deathratle" : 1.0721649484536082,
    "Inspire" : 1.0103092783505154,
    "Discover" : 1.0824742268041236
  },
  "Paladin" : {
    "Taunt" : 1.1354166666666667,
    "Divine Shield" : 1.28125,
    "Charge" : 1.0104166666666667,
    "Secret" : 1.0416666666666667,
    "Stealth" : 1.0104166666666667,
    "Battlecry" : 1.4791666666666667,
    "Deathratle" : 1.1666666666666667,
    "Inspire" : 1.0104166666666667,
    "Discover" : 1.0416666666666667,
    "Adapt" : 1.0104166666666667,
    "Lifesteal" : 1.09375,
    "Rush" : 1.0416666666666667,
    "Magnetic" : 1.0208333333333333,
    "Reborn" : 1.03125
  },
  "Priest" : {
    "Taunt" : 1.1121495327102804,
    "Stealth" : 1.0093457943925233,
    "Battlecry" : 1.485981308411215,
    "Deathratle" : 1.1869158878504673,
    "Silence" : 1.0186915887850467,
    "Inspire" : 1.0186915887850467,
    "Discover" : 1.0373831775700935,
    "Lifesteal" : 1.0373831775700935,
    "Echo" : 1.0093457943925233,
    "Lackey" : 1.0093457943925233,
    "Reborn" : 1.0186915887850467,
    "Invoke" : 1.0186915887850467
  },
  "Rogue" : {
    "Secret" : 1.0288461538461537,
    "Stealth" : 1.1826923076923077,
    "Battlecry" : 1.4230769230769231,
    "Deathratle" : 1.2403846153846154,
    "Combo" : 1.2211538461538463,
    "Immune" : 1.0096153846153846,
    "Discover" : 1.0480769230769231,
    "Poisonous" : 1.0480769230769231,
    "Echo" : 1.0192307692307692,
    "Rush" : 1.0480769230769231,
    "Lackey" : 1.0192307692307692,
    "Reborn" : 1.0096153846153846,
    "Invoke" : 1.0096153846153846
  },
  "Shaman" : {
    "Taunt" : 1.118279569892473,
    "Spell Power" : 1.021505376344086,
    "Divine Shield" : 1.010752688172043,
    "Charge" : 1.010752688172043,
    "Stealth" : 1.010752688172043,
    "Battlecry" : 1.5161290322580645,
    "Freeze" : 1.032258064516129,
    "Windfury" : 1.075268817204301,
    "Deathratle" : 1.032258064516129,
    "Overload" : 1.2473118279569892,
    "Inspire" : 1.010752688172043,
    "Discover" : 1.021505376344086,
    "Lifesteal" : 1.021505376344086,
    "Echo" : 1.010752688172043,
    "Rush" : 1.043010752688172,
    "Lackey" : 1.032258064516129,
    "Invoke" : 1.010752688172043
  },
  "Warlock" : {
    "Taunt" : 1.1578947368421053,
    "Charge" : 1.0087719298245614,
    "Stealth" : 1.0263157894736843,
    "Battlecry" : 1.5,
    "Deathratle" : 1.1666666666666667,
    "Immune" : 1.0087719298245614,
    "Inspire" : 1.0087719298245614,
    "Discover" : 1.0175438596491229,
    "Adapt" : 1.0087719298245614,
    "Lifesteal" : 1.0526315789473684,
    "Recruit" : 1.0087719298245614,
    "Echo" : 1.0087719298245614,
    "Rush" : 1.0350877192982457,
    "Lackey" : 1.0263157894736843,
    "Invoke" : 1.0175438596491229
  },
  "Warrior" : {
    "Taunt" : 1.1770833333333333,
    "Charge" : 1.0416666666666667,
    "Stealth" : 1.0104166666666667,
    "Battlecry" : 1.4479166666666667,
    "Deathratle" : 1.0625,
    "Immune" : 1.0104166666666667,
    "Inspire" : 1.0104166666666667,
    "Discover" : 1.0104166666666667,
    "Adapt" : 1.0104166666666667,
    "Rush" : 1.1770833333333333,
    "Overkill" : 1.0104166666666667,
    "Magnetic" : 1.0104166666666667,
    "Lackey" : 1.0104166666666667,
    "Reborn" : 1.0104166666666667,
    "Invoke" : 1.0104166666666667
  },
  "Neutral" : {
    "Taunt" : 1.1337513061650992,
    "Spell Power" : 1.0303030303030303,
    "Divine Shield" : 1.0365726227795193,
    "Charge" : 1.0188087774294672,
    "Secret" : 1.0125391849529781,
    "Stealth" : 1.026123301985371,
    "Battlecry" : 1.4367816091954024,
    "Freeze" : 1.0083594566353187,
    "Windfury" : 1.0177638453500522,
    "Deathratle" : 1.1368861024033439,
    "Combo" : 1.0010449320794148,
    "Silence" : 1.0083594566353187,
    "Immune" : 1.0020898641588296,
    "Inspire" : 1.0125391849529781,
    "Discover" : 1.026123301985371,
    "Quest" : 1.0031347962382444,
    "Poisonous" : 1.0125391849529781,
    "Adapt" : 1.006269592476489,
    "Lifesteal" : 1.0146290491118077,
    "Recruit" : 1.0041797283176594,
    "Echo" : 1.0031347962382444,
    "Rush" : 1.0459770114942528,
    "Overkill" : 1.0073145245559039,
    "Magnetic" : 1.0073145245559039,
    "Lackey" : 1.0020898641588296,
    "Mega Windfury" : 1.0010449320794148,
    "Reborn" : 1.0104493207941483,
    "Invoke" : 1.0020898641588296
  },
  "Demon Hunter" : {
    "Taunt" : 1.170731707317073,
    "Charge" : 1.024390243902439,
    "Battlecry" : 1.2682926829268293,
    "Deathratle" : 1.0975609756097562,
    "Silence" : 1.024390243902439,
    "Immune" : 1.048780487804878,
    "Discover" : 1.024390243902439,
    "Lifesteal" : 1.0731707317073171,
    "Rush" : 1.170731707317073,
    "Outcast" : 1.146341463414634
  }
}