{
  "Enhanced" : 1.711136890951276,
  "Enhanced Count" : 498.0,
  "Spell Trigger" : 1.3723897911832945,
  "Spell Trigger Count" : 1082.0,
  "Passive" : 1.642691415313225,
  "Passive Count" : 616.0,
  "Active" : 1.4419953596287702,
  "Active Count" : 962.0,
  "Permanent" : 1.7877030162412992,
  "Permanent Count" : 366.0,
  "Temporary" : 1.3207656612529002,
  "Temporary Count" : 1171.0,
  "Control" : 1.705336426914153,
  "Control Count" : 508.0,
  "DblEdge" : 1.9796983758700697,
  "DblEdge Count" : 35.0,
  "Bonus" : 1.953016241299304,
  "Bonus Count" : 81.0,
  "Draw" : 1.962877030162413,
  "Draw Count" : 64.0,
  "Repeat" : 1.984338747099768,
  "Repeat Count" : 27.0,
  "Minions Count" : 1724.0
}