{
  "Enhanced" : 0.7111368909512761,
  "Enhanced Count" : 498.0,
  "Spell Trigger" : 0.3723897911832946,
  "Spell Trigger Count" : 1082.0,
  "Passive" : 0.642691415313225,
  "Passive Count" : 616.0,
  "Active" : 0.44199535962877035,
  "Active Count" : 962.0,
  "Permanent" : 0.7877030162412992,
  "Permanent Count" : 366.0,
  "Temporary" : 0.3207656612529002,
  "Temporary Count" : 1171.0,
  "Control" : 0.7053364269141531,
  "Control Count" : 508.0,
  "DblEdge" : 0.9796983758700696,
  "DblEdge Count" : 35.0,
  "Bonus" : 0.953016241299304,
  "Bonus Count" : 81.0,
  "Draw" : 0.962877030162413,
  "Draw Count" : 64.0,
  "Repeat" : 0.984338747099768,
  "Repeat Count" : 27.0,
  "Minions Count" : 1724.0
}