{
  "NoClass" : {
    "Taunt" : 1.1235498839907192,
    "Spell Power" : 1.021461716937355,
    "Divine Shield" : 1.031322505800464,
    "Charge" : 1.017401392111369,
    "Secret" : 1.0185614849187936,
    "Stealth" : 1.031322505800464,
    "Battlecry" : 1.4460556844547563,
    "Freeze" : 1.009860788863109,
    "Windfury" : 1.011600928074246,
    "Deathratle" : 1.1455916473317864,
    "Combo" : 1.011600928074246,
    "Overload" : 1.0121809744779582,
    "Silence" : 1.0052204176334107,
    "Immune" : 1.004060324825986,
    "Inspire" : 1.0121809744779582,
    "Discover" : 1.0301624129930393,
    "Quest" : 1.001740139211137,
    "Poisonous" : 1.0127610208816706,
    "Adapt" : 1.0069605568445477,
    "Lifesteal" : 1.0191415313225058,
    "Recruit" : 1.004060324825986,
    "Echo" : 1.0052204176334107,
    "Rush" : 1.044663573085847,
    "Overkill" : 1.0052204176334107,
    "Magnetic" : 1.0069605568445477,
    "Lackey" : 1.0069605568445477,
    "Mega Windfury" : 1.0005800464037122,
    "Reborn" : 1.0104408352668213,
    "Invoke" : 1.0052204176334107,
    "Outcast" : 1.0011600928074247
  },
  "Druid" : {
    "Taunt" : 1.2727272727272727,
    "Spell Power" : 1.0113636363636365,
    "Charge" : 1.0227272727272727,
    "Stealth" : 1.0340909090909092,
    "Battlecry" : 1.3295454545454546,
    "Deathratle" : 1.1363636363636362,
    "Silence" : 1.0113636363636365,
    "Inspire" : 1.0113636363636365,
    "Discover" : 1.0227272727272727,
    "Poisonous" : 1.0113636363636365,
    "Adapt" : 1.0227272727272727,
    "Recruit" : 1.0113636363636365,
    "Rush" : 1.0568181818181819,
    "Overkill" : 1.0113636363636365,
    "Reborn" : 1.0113636363636365
  },
  "Hunter" : {
    "Taunt" : 1.0224719101123596,
    "Charge" : 1.0224719101123596,
    "Secret" : 1.0449438202247192,
    "Stealth" : 1.0224719101123596,
    "Battlecry" : 1.4382022471910112,
    "Deathratle" : 1.2921348314606742,
    "Immune" : 1.0112359550561798,
    "Inspire" : 1.0112359550561798,
    "Discover" : 1.0337078651685394,
    "Poisonous" : 1.0561797752808988,
    "Adapt" : 1.0112359550561798,
    "Recruit" : 1.0112359550561798,
    "Echo" : 1.0112359550561798,
    "Rush" : 1.0898876404494382,
    "Magnetic" : 1.0224719101123596
  },
  "Mage" : {
    "Spell Power" : 1.101123595505618,
    "Secret" : 1.1123595505617978,
    "Stealth" : 1.0112359550561798,
    "Battlecry" : 1.49438202247191,
    "Freeze" : 1.0674157303370786,
    "Deathratle" : 1.0786516853932584,
    "Inspire" : 1.0112359550561798,
    "Discover" : 1.0898876404494382
  },
  "Paladin" : {
    "Taunt" : 1.1204819277108433,
    "Divine Shield" : 1.2409638554216866,
    "Charge" : 1.0120481927710843,
    "Secret" : 1.0602409638554218,
    "Stealth" : 1.0120481927710843,
    "Battlecry" : 1.5060240963855422,
    "Deathratle" : 1.1686746987951806,
    "Inspire" : 1.0120481927710843,
    "Discover" : 1.0481927710843373,
    "Adapt" : 1.0120481927710843,
    "Lifesteal" : 1.0843373493975903,
    "Rush" : 1.0240963855421688,
    "Magnetic" : 1.0240963855421688,
    "Reborn" : 1.036144578313253
  },
  "Priest" : {
    "Taunt" : 1.0851063829787233,
    "Stealth" : 1.0106382978723405,
    "Battlecry" : 1.5,
    "Deathratle" : 1.2127659574468086,
    "Silence" : 1.0106382978723405,
    "Inspire" : 1.0212765957446808,
    "Discover" : 1.0425531914893618,
    "Lifesteal" : 1.0425531914893618,
    "Echo" : 1.0106382978723405,
    "Lackey" : 1.0106382978723405,
    "Reborn" : 1.0212765957446808,
    "Invoke" : 1.0212765957446808
  },
  "Rogue" : {
    "Secret" : 1.0208333333333333,
    "Stealth" : 1.1770833333333333,
    "Battlecry" : 1.4270833333333333,
    "Deathratle" : 1.2395833333333333,
    "Combo" : 1.2083333333333333,
    "Immune" : 1.0104166666666667,
    "Discover" : 1.0416666666666667,
    "Poisonous" : 1.0520833333333333,
    "Echo" : 1.0208333333333333,
    "Rush" : 1.0520833333333333,
    "Lackey" : 1.0208333333333333,
    "Reborn" : 1.0104166666666667,
    "Invoke" : 1.0104166666666667
  },
  "Shaman" : {
    "Taunt" : 1.1411764705882352,
    "Spell Power" : 1.0235294117647058,
    "Divine Shield" : 1.011764705882353,
    "Charge" : 1.011764705882353,
    "Stealth" : 1.011764705882353,
    "Battlecry" : 1.5176470588235293,
    "Freeze" : 1.035294117647059,
    "Windfury" : 1.0705882352941176,
    "Deathratle" : 1.0235294117647058,
    "Overload" : 1.2470588235294118,
    "Inspire" : 1.011764705882353,
    "Discover" : 1.011764705882353,
    "Lifesteal" : 1.0235294117647058,
    "Echo" : 1.011764705882353,
    "Rush" : 1.0470588235294118,
    "Lackey" : 1.035294117647059,
    "Invoke" : 1.011764705882353
  },
  "Warlock" : {
    "Taunt" : 1.1470588235294117,
    "Charge" : 1.0098039215686274,
    "Stealth" : 1.0294117647058822,
    "Battlecry" : 1.4705882352941178,
    "Deathratle" : 1.156862745098039,
    "Immune" : 1.0098039215686274,
    "Inspire" : 1.0098039215686274,
    "Discover" : 1.0196078431372548,
    "Adapt" : 1.0098039215686274,
    "Lifesteal" : 1.0490196078431373,
    "Recruit" : 1.0098039215686274,
    "Echo" : 1.0098039215686274,
    "Rush" : 1.0294117647058822,
    "Lackey" : 1.0294117647058822,
    "Invoke" : 1.0196078431372548
  },
  "Warrior" : {
    "Taunt" : 1.1931818181818181,
    "Charge" : 1.0454545454545454,
    "Stealth" : 1.0113636363636365,
    "Battlecry" : 1.4545454545454546,
    "Deathratle" : 1.0454545454545454,
    "Immune" : 1.0113636363636365,
    "Inspire" : 1.0113636363636365,
    "Discover" : 1.0113636363636365,
    "Adapt" : 1.0113636363636365,
    "Rush" : 1.1477272727272727,
    "Overkill" : 1.0113636363636365,
    "Magnetic" : 1.0113636363636365,
    "Lackey" : 1.0113636363636365,
    "Reborn" : 1.0113636363636365,
    "Invoke" : 1.0113636363636365
  },
  "Neutral" : {
    "Taunt" : 1.1364148816234498,
    "Spell Power" : 1.0281848928974069,
    "Divine Shield" : 1.0372040586245772,
    "Charge" : 1.020293122886133,
    "Secret" : 1.012401352874859,
    "Stealth" : 1.0270574971815107,
    "Battlecry" : 1.4374295377677564,
    "Freeze" : 1.0090191657271703,
    "Windfury" : 1.015783540022548,
    "Deathratle" : 1.1397970687711387,
    "Silence" : 1.007891770011274,
    "Immune" : 1.0022547914317925,
    "Inspire" : 1.0135287485907554,
    "Discover" : 1.0248027057497182,
    "Quest" : 1.003382187147689,
    "Poisonous" : 1.012401352874859,
    "Adapt" : 1.0067643742953776,
    "Lifesteal" : 1.015783540022548,
    "Recruit" : 1.004509582863585,
    "Echo" : 1.003382187147689,
    "Rush" : 1.0372040586245772,
    "Overkill" : 1.007891770011274,
    "Magnetic" : 1.007891770011274,
    "Lackey" : 1.0022547914317925,
    "Mega Windfury" : 1.0011273957158964,
    "Reborn" : 1.0112739571589628,
    "Invoke" : 1.0022547914317925
  },
  "Demon Hunter" : {
    "Taunt" : 1.1739130434782608,
    "Charge" : 1.0434782608695652,
    "Battlecry" : 1.3043478260869565,
    "Deathratle" : 1.1304347826086956,
    "Immune" : 1.0434782608695652,
    "Discover" : 1.0434782608695652,
    "Lifesteal" : 1.0434782608695652,
    "Rush" : 1.1739130434782608,
    "Outcast" : 1.0869565217391304
  }
}